﻿<?xml version="1.0" encoding="utf-8"?>
<ProjectOutput Name="Azure.DataCenterMigration" ProjectDirVar="$(var.Azure.DataCenterMigration.ProjectDir)" TargetDirVar="$(var.Azure.DataCenterMigration.TargetDir)" SharedFileId="_6B37B276_C950_4665_BAD8_04FDF2CBBE41">
  <Binaries>
    <DiskId>1</DiskId>
    <Compressed />
    <Hidden>no</Hidden>
    <KeyPath>yes</KeyPath>
    <ReadOnly>no</ReadOnly>
    <System>no</System>
    <Vital>yes</Vital>
    <Condition><![CDATA[]]></Condition>
    <SelfRegCost />
    <TrueType>no</TrueType>
    <Permanent>no</Permanent>
    <SharedDllRefCount>no</SharedDllRefCount>
    <Transitive>no</Transitive>
  </Binaries>
  <Symbols>
    <DiskId>1</DiskId>
    <Compressed />
    <Hidden>no</Hidden>
    <KeyPath>yes</KeyPath>
    <ReadOnly>no</ReadOnly>
    <System>no</System>
    <Vital>yes</Vital>
    <Condition><![CDATA[]]></Condition>
    <SelfRegCost />
    <TrueType>no</TrueType>
    <Permanent>no</Permanent>
    <SharedDllRefCount>no</SharedDllRefCount>
    <Transitive>no</Transitive>
  </Symbols>
  <Sources>
    <DiskId>1</DiskId>
    <Compressed />
    <Hidden>no</Hidden>
    <KeyPath>yes</KeyPath>
    <ReadOnly>no</ReadOnly>
    <System>no</System>
    <Vital>yes</Vital>
    <Condition><![CDATA[]]></Condition>
    <SelfRegCost />
    <TrueType>no</TrueType>
    <Permanent>no</Permanent>
    <SharedDllRefCount>no</SharedDllRefCount>
    <Transitive>no</Transitive>
  </Sources>
  <Content>
    <DiskId>1</DiskId>
    <Compressed />
    <Hidden>no</Hidden>
    <KeyPath>yes</KeyPath>
    <ReadOnly>no</ReadOnly>
    <System>no</System>
    <Vital>yes</Vital>
    <Condition><![CDATA[]]></Condition>
    <SelfRegCost />
    <TrueType>no</TrueType>
    <Permanent>no</Permanent>
    <SharedDllRefCount>no</SharedDllRefCount>
    <Transitive>no</Transitive>
  </Content>
  <Satellites>
    <DiskId>1</DiskId>
    <Compressed />
    <Hidden>no</Hidden>
    <KeyPath>yes</KeyPath>
    <ReadOnly>no</ReadOnly>
    <System>no</System>
    <Vital>yes</Vital>
    <Condition><![CDATA[]]></Condition>
    <SelfRegCost />
    <TrueType>no</TrueType>
    <Permanent>no</Permanent>
    <SharedDllRefCount>no</SharedDllRefCount>
    <Transitive>no</Transitive>
  </Satellites>
  <Documents>
    <DiskId>1</DiskId>
    <Compressed />
    <Hidden>no</Hidden>
    <KeyPath>yes</KeyPath>
    <ReadOnly>no</ReadOnly>
    <System>no</System>
    <Vital>yes</Vital>
    <Condition><![CDATA[]]></Condition>
    <SelfRegCost />
    <TrueType>no</TrueType>
    <Permanent>no</Permanent>
    <SharedDllRefCount>no</SharedDllRefCount>
    <Transitive>no</Transitive>
  </Documents>
</ProjectOutput>