﻿<?xml version="1.0" encoding="utf-8"?>
<ProjectOutput Name="Azure.DataCenterMigration.App" ProjectDirVar="$(var.Azure.DataCenterMigration.App.ProjectDir)" TargetDirVar="$(var.Azure.DataCenterMigration.App.TargetDir)" SharedFileId="_BB516895_ECE9_48D8_99BE_EBE6773F0742">
  <Binaries>
    <DiskId>1</DiskId>
    <Compressed />
    <Hidden>no</Hidden>
    <KeyPath>yes</KeyPath>
    <ReadOnly>no</ReadOnly>
    <System>no</System>
    <Vital>yes</Vital>
    <Condition><![CDATA[]]></Condition>
    <SelfRegCost />
    <TrueType>no</TrueType>
    <Permanent>no</Permanent>
    <SharedDllRefCount>no</SharedDllRefCount>
    <Transitive>no</Transitive>
  </Binaries>
  <Symbols>
    <DiskId>1</DiskId>
    <Compressed />
    <Hidden>no</Hidden>
    <KeyPath>yes</KeyPath>
    <ReadOnly>no</ReadOnly>
    <System>no</System>
    <Vital>yes</Vital>
    <Condition><![CDATA[]]></Condition>
    <SelfRegCost />
    <TrueType>no</TrueType>
    <Permanent>no</Permanent>
    <SharedDllRefCount>no</SharedDllRefCount>
    <Transitive>no</Transitive>
  </Symbols>
  <Sources>
    <DiskId>1</DiskId>
    <Compressed />
    <Hidden>no</Hidden>
    <KeyPath>yes</KeyPath>
    <ReadOnly>no</ReadOnly>
    <System>no</System>
    <Vital>yes</Vital>
    <Condition><![CDATA[]]></Condition>
    <SelfRegCost />
    <TrueType>no</TrueType>
    <Permanent>no</Permanent>
    <SharedDllRefCount>no</SharedDllRefCount>
    <Transitive>no</Transitive>
  </Sources>
  <Content>
    <DiskId>1</DiskId>
    <Compressed />
    <Hidden>no</Hidden>
    <KeyPath>yes</KeyPath>
    <ReadOnly>no</ReadOnly>
    <System>no</System>
    <Vital>yes</Vital>
    <Condition><![CDATA[]]></Condition>
    <SelfRegCost />
    <TrueType>no</TrueType>
    <Permanent>no</Permanent>
    <SharedDllRefCount>no</SharedDllRefCount>
    <Transitive>no</Transitive>
  </Content>
  <Satellites>
    <DiskId>1</DiskId>
    <Compressed />
    <Hidden>no</Hidden>
    <KeyPath>yes</KeyPath>
    <ReadOnly>no</ReadOnly>
    <System>no</System>
    <Vital>yes</Vital>
    <Condition><![CDATA[]]></Condition>
    <SelfRegCost />
    <TrueType>no</TrueType>
    <Permanent>no</Permanent>
    <SharedDllRefCount>no</SharedDllRefCount>
    <Transitive>no</Transitive>
  </Satellites>
  <Documents>
    <DiskId>1</DiskId>
    <Compressed />
    <Hidden>no</Hidden>
    <KeyPath>yes</KeyPath>
    <ReadOnly>no</ReadOnly>
    <System>no</System>
    <Vital>yes</Vital>
    <Condition><![CDATA[]]></Condition>
    <SelfRegCost />
    <TrueType>no</TrueType>
    <Permanent>no</Permanent>
    <SharedDllRefCount>no</SharedDllRefCount>
    <Transitive>no</Transitive>
  </Documents>
</ProjectOutput>